<metadata>
	<mdFileID>{D8BFC407-3EE6-4BF0-900A-535EA52AD56F}</mdFileID>
	<mdLang>
		<languageCode value="en">
		</languageCode>
		<countryCode value="GBR" Sync="TRUE"></countryCode></mdLang>
	<mdChar Sync="TRUE">
		<CharSetCd value="004"/>
	</mdChar>
	<mdParentID></mdParentID>
	<mdHrLv2>attribute</mdHrLv2>
	<mdHrLvName2>Geodatabase attribute table</mdHrLvName2>
	<mdDateSt Sync="TRUE">20150530</mdDateSt>
	<mdStanName2>ISO19115:2003</mdStanName2>
	<mdStanVer2>GISCO 1.2.0</mdStanVer2>
	<dataSetURI>Server=anteater.cc.cec.eu.int; Service=port:5154; User=giscoread; Version=SDE.DEFAULT</dataSetURI>
	<refSysInfo>
		<refSysId>
			<identCode>ETRS89</identCode>
		</refSysId>
		<RefSystem>
			<refSysID>
				<identCode>ETRS89</identCode>
			</refSysID>
		</RefSystem>
	</refSysInfo>
	<dataIdInfo>
		<idCitation>
			<resTitle>NUTS regions and boundaries Link table at 60M scale</resTitle>
			<resRefDate>
				<refDate>20110707</refDate>
				<refDateType>
					<DateTypCd value="001"/>
				</refDateType>
			</resRefDate>
			<resRefDate>
				<refDate>20111201</refDate>
				<refDateType>
					<DateTypCd value="003"/>
				</refDateType>
			</resRefDate>
			<resEd>2010</resEd>
			<resEdDate>20111201</resEdDate>
			<citRespParty>
				<rpOrgName>Eurostat GISCO - European Commission</rpOrgName>
				<rpCntInfo>
					<cntPhone>
						<voiceNum>+352 4301 32076</voiceNum>
						<faxNum>+352 4301 32029</faxNum>
					</cntPhone>
					<cntAddress>
						<delPoint>5, rue Alphonse Weicker</delPoint>
						<city>Luxembourg</city>
						<adminArea>Luxembourg</adminArea>
						<postCode>2920</postCode>
						<eMailAdd>estat-gisco@ec.europa.eu</eMailAdd>
						<country>lu</country>
					</cntAddress>
				</rpCntInfo>
				<role>
					<RoleCd value="007"/>
				</role>
			</citRespParty>
			<citRespParty>
				<rpOrgName>Abaco Spa</rpOrgName>
				<rpCntInfo>
					<cntPhone>
						<voiceNum>+39 0376 222 181</voiceNum>
						<faxNum>+39 0376 222 182</faxNum>
					</cntPhone>
					<cntAddress>
						<delPoint>Corso Umberto I, 43</delPoint>
						<city>Mantova</city>
						<postCode>46100</postCode>
						<eMailAdd>info@abacogroup.eu</eMailAdd>
						<country>it</country>
						<adminArea>Mantova</adminArea></cntAddress>
				</rpCntInfo>
				<role>
					<RoleCd value="009"/>
				</role>
			</citRespParty>
			<resRefDate><refDateType><DateTypCd value="002"></DateTypCd></refDateType><refDate></refDate></resRefDate><resAltTitle>GISCO.NUTS_RG_BN_60M_2010</resAltTitle><presForm><PresFormCd value="011" Sync="TRUE"></PresFormCd></presForm></idCitation>
		<idAbs>This table is an attribute table to identify the NUTS Boundaries from the feature class NUTS_BN_60M_2010 that make up a specific NUTS region in the feature class NUTS_RG_60M_2010 (topological relationship table between regions and boundaries of the NUTS_2010 60M dataset).</idAbs>
		<idPurp>This table forms the link between the feature classes NUTS_RG_60M_2010 and NUTS_BN_60M_2010. The M-N relationship between the feature classes becomes 1-M and N-1 through this table. For each NUTS region you can identify the boundaries it is made of and for each boundary line you can identify the regions that are on both sides of the border.</idPurp>
		<idStatus>completed</idStatus>
		<resMaint>
			<maintFreq>
				<MaintFreqCd value="010"/>
			</maintFreq>
		</resMaint>
		<descKeys KeyTypCd="002">
			<keyTyp>
				<KeyTypCd value="002"/>
			</keyTyp>
			<keyword>European Union (EU27)</keyword>
			<keyword>EFTA</keyword>
			<keyword>Candidate Countries (CC)</keyword>
		</descKeys>
		<resConst>
			<LegConsts>
				<useConsts>
					<RestrictCd value="001"/>
				</useConsts>
				<useConsts>
					<RestrictCd value="005"/>
				</useConsts>
			</LegConsts>
		</resConst>
		<spatRpType>
			<spatRepTypCd value="003"/>
			<SpatRepTypCd value="003" Sync="TRUE"></SpatRepTypCd></spatRpType>
		<dataScale>
			<equScale>
				<rfDenom>60000000</rfDenom>
			</equScale>
		</dataScale>
		<dataChar>
			<CharSetCd value="004"/>
		</dataChar>
		<envirDesc Sync="TRUE">Microsoft Windows 7 Version 6.1 (Build 7601) Service Pack 1; ESRI ArcGIS 10.0.5.4400</envirDesc><dataExt><tempEle><TempExtent><exTemp><TM_GeometricPrimitive><TM_Period><begin></begin><end></end></TM_Period></TM_GeometricPrimitive></exTemp></TempExtent></tempEle></dataExt><dataLang><languageCode value="en"></languageCode><countryCode value="GBR" Sync="TRUE"></countryCode></dataLang><tpCat><TopicCatCd value="03"></TopicCatCd></tpCat><descKeys KeyTypCd="005"><keyTyp><KeyTypCd value="005"></KeyTypCd></keyTyp><keyword>NUTS</keyword><keyword>Statistical Regions</keyword></descKeys><descKeys KeyTypCd="005"><keyTyp><KeyTypCd value="005"></KeyTypCd></keyTyp><thesaName><resTitle>Directive 20007/.../EC/ of the European parliament and of the Council of establishing an Infrastructure for Spatial Information in the European Community (INSPIRE)</resTitle><resRefDate><refDate>20070314</refDate><refDateType><DateTypCd value="002"></DateTypCd></refDateType></resRefDate></thesaName><keyword>Administrative Units</keyword><keyword>Area Management/restriction/regulation zones and reporting units</keyword><keyword>Statistical units</keyword></descKeys><idPoC Sync="TRUE"><rpOrgName Sync="TRUE">Eurostat GISCO - European Commission</rpOrgName><rpCntInfo><cntPhone><voiceNum Sync="TRUE">+352 4301 32076</voiceNum><faxNum Sync="TRUE">+352 4301 32029</faxNum></cntPhone><cntAddress><delPoint Sync="TRUE">5, rue Alphonse Weicker</delPoint><city Sync="TRUE">Luxembourg</city><adminArea Sync="TRUE">Luxembourg</adminArea><postCode Sync="TRUE">2920</postCode><country Sync="TRUE">lu</country><eMailAdd Sync="TRUE">estat-gisco@ec.europa.eu</eMailAdd></cntAddress></rpCntInfo><role><RoleCd Sync="TRUE" value="007"></RoleCd></role></idPoC></dataIdInfo>
	<distInfo>
		<distributor>
			<distorCont>
				<rpOrgName>Eurostat GISCO - European Commission</rpOrgName>
				<rpCntInfo>
					<cntPhone>
						<voiceNum>+352 4301 32076</voiceNum>
						<faxNum>+352 4301 32029</faxNum>
					</cntPhone>
					<cntAddress>
						<delPoint>5, rue Alphonse Weicker</delPoint>
						<city>Luxembourg</city>
						<adminArea>Luxembourg</adminArea>
						<postCode>2920</postCode>
						<eMailAdd>estat-gisco@ec.europa.eu</eMailAdd>
						<country>lu</country>
					</cntAddress>
				</rpCntInfo>
				<role>
					<RoleCd value="005"/>
				</role>
			</distorCont>
			<distorOrdPrc>
				<ordInstr>Address to the point of contact specified in this metadata</ordInstr>
			</distorOrdPrc>
			<distorFormat>
				<formatName Sync="TRUE">File Geodatabase Table</formatName>
				<formatVer>9.3.1</formatVer>
			</distorFormat>
			<distorTran>
				<offLineMed>
				</offLineMed>
				<onLineSrc><linkage>file://\\ABACOPORT-PC\C\Condivisa\work\EUROSTAT\work\SC3\ACT_2\work\SC3_A2_GENERALISATION.gdb</linkage><orFunct><OnFunctCd value="001"></OnFunctCd></orFunct><orDesc Sync="TRUE">002</orDesc><protocol Sync="TRUE">Local Area Network</protocol></onLineSrc></distorTran>
		</distributor>
		<distFormat><formatName Sync="TRUE">dBASE Table</formatName></distFormat><distTranOps><transSize Sync="TRUE">0.000</transSize></distTranOps></distInfo>
	<dqInfo>
		<dataLineage>
			<statement>This dataset (together with the other datasets: NUTS_2010, CNTR_2010, COMM_2010, EEZ_2010 and COAS_2010) is based on geometry of EBM_v5 of EuroGeographics on commune level with a resolution of 30m (scale 1:100.000) enriched with some other datasources like  Gaul 2008  country data and ArcWorld data.
This resulted in a common repository of geometry of which the different datasets were derived. The different scale levels were derived of generalizations of the common repository on 100K scale. This means that within each scale level the feature classes of all these datasets: COMM_2010, NUTS_2010, CNTR_2010 and COAS_2010, are fully coherent and compliant.


The NUTS_2010 dataset consists of 2 feature classes (regions labels and boundaries) per scale level (100k, 1M, 3M, 10M, 20M, 60M).

The boundaries and regions are related to each other through a relationship table.
 The 5 small scale feature classes should be used exclusively for cartographic purposes.
Apart from the 12 above mentioned feature classes there is also a label feature class (scale independent). This labelpoint feature class was created with a label inside each NUTS region at the 4 NUTS levels (0 - 3).


In addition two line feature classes were created: one feature class for cartograhic joiners to identify where NUTS areas have one or more enclaves and a second line feature class for cartographic separators, to identify where the NUTS limits are in the archipelagos. The arcs of two latter feature classes are only useful for cartographic purposes and are not meant to identify actual administrative or statistical boundaries stretching into the sea or any other significance.
The extent of this feature class is EU27, EFTA and Croatia, FYROM and Turkey.</statement>
			<prcStep>
				<description>For each NUTS region (all 4 subclasses) in the feature class NUTS_RG_60M_2010 the bordering lines in the feature class NUTS_BN_60M_2010 were identified by making use of a spatial selection. This result was written to the NUTS_RG_BN_60M_2010.</description>
			</prcStep>
			<dataSource>
				<srcDesc>(i) Eurogeographics EBM v5.0.(scale 1:100K) 
(ii) GAUL 2008 country level data
(iii) NSI of TR for the Turkish features
(v) GRO (General Register Office for Scotland) -- for scale level 100K
(vi) NUTS nomenclature supplied by EUROSTAT -- for all scale levels

This feature class is created from a generalization of this common repository</srcDesc>
			</dataSource>
		</dataLineage>
		<DQConcConsis>
			<measName>Completeness of Communes Dataset</measName>
			<measId>
				<identAuth>
					<resTitle></resTitle>
					<resRefDate>
					</resRefDate>
				</identAuth>
				<identCode></identCode>
			</measId>
			<measDesc>All feature classes, attribute tables and relationship classes should be present</measDesc>
			<evalMethType></evalMethType>
			<evalMethDesc>Re-application of schema to dataset</evalMethDesc>
			<evalProc>
				<resTitle></resTitle>
				<resRefDate>
				</resRefDate>
			</evalProc>
			<measDateTm>20111201</measDateTm>
			<ConResult>
				<conExpl>All feature classes, attribute tables and relationship classes are present</conExpl>
				<conPass>true</conPass>
				<conSpec><resTitle></resTitle><resRefDate><refDateType><DateTypCd value="[invalid date type]"></DateTypCd></refDateType><refDate></refDate></resRefDate></conSpec></ConResult>
		</DQConcConsis>
		<DQDomConsis>
			<measName>Referential Integrity of NUTS Dataset</measName>
			<measId>
				<identAuth>
					<resTitle></resTitle>
					<resRefDate>
					</resRefDate>
				</identAuth>
				<identCode></identCode>
			</measId>
			<measDesc>The integrity and cardinality of the relationships (conceptual and implemented) was checked by enforcing primary and foreign key integrity constraints in Oracle. The constraints referencing coded value domain tables were a test of domain consistency.</measDesc>
			<evalMethType></evalMethType>
			<evalMethDesc>Errors will show during creation of integrity constraints in Oracle. Constraints will not be applicable in case of violations to the consistency.</evalMethDesc>
			<evalProc>
				<resTitle></resTitle>
				<resRefDate>
				</resRefDate>
			</evalProc>
			<measDateTm>20111201</measDateTm>
			<ConResult>
				<conExpl>No errors occurred, so the integrity of all primary and foreign keys was confirmed. All the values of each coded value attribute are compliant to the domains (except for any NULL values). The cardinality can only be confirmed where it is strict enough for this test to detect errors.</conExpl>
				<conPass>true</conPass>
				<conSpec><resTitle></resTitle><resRefDate><refDateType><DateTypCd value="[invalid date type]"></DateTypCd></refDateType><refDate></refDate></resRefDate></conSpec></ConResult>
		</DQDomConsis>
		<dqScope><scpLvl>attribute</scpLvl></dqScope></dqInfo>
	<eainfo>
		<detailed Name="NUTS_RG_BN_60M_2010">
			<enttyp>
				<enttypl>NUTS_RG_BN_60M_2010</enttypl>
				<enttypd>M-N relationship table between NUTS regions and boundaries, for 1:60.000.000 version 2010</enttypd>
				<enttypt Sync="TRUE">Table</enttypt><enttypc Sync="TRUE">0</enttypc></enttyp>
			<attr><attrlabl Sync="TRUE">OID</attrlabl><attalias Sync="TRUE">OID</attalias><attrtype Sync="TRUE">OID</attrtype><attwidth Sync="TRUE">4</attwidth><atprecis Sync="TRUE">0</atprecis><attscale Sync="TRUE">0</attscale><attrdef Sync="TRUE">Internal feature number.</attrdef><attrdefs Sync="TRUE">ESRI</attrdefs><attrdomv><udom Sync="TRUE">Sequential unique whole numbers that are automatically generated.</udom></attrdomv></attr><attr><attrlabl Sync="TRUE">NUTS_BN_CO</attrlabl><attalias Sync="TRUE">NUTS_BN_CO</attalias><attrtype Sync="TRUE">Double</attrtype><attwidth Sync="TRUE">19</attwidth><atprecis Sync="TRUE">0</atprecis><attscale Sync="TRUE">0</attscale></attr><attr>
				<attrtype Sync="TRUE">String</attrtype>
				<attrlabl>NUTS_CODE</attrlabl>
				<attrdef>NUTS ReGion Identifier

This attribute contains the regional NUTS codes. (FK for the relation to NUTS_RG_60M_2010 with PK NUTS_ID)</attrdef>
				<attrdefs>GISCO</attrdefs>
				<attwidth Sync="TRUE">5</attwidth>
				<atprecis Sync="TRUE">0</atprecis>
				<attscale Sync="TRUE">0</attscale>
				<attalias Sync="TRUE">NUTS_CODE</attalias></attr>
		</detailed>
	</eainfo>
	<Esri><CreaDate>20150522</CreaDate><CreaTime>13231900</CreaTime><SyncOnce>FALSE</SyncOnce><SyncDate>20150530</SyncDate><SyncTime>14405700</SyncTime><ModDate>20150530</ModDate><ModTime>14405700</ModTime><ArcGISFormat>1.0</ArcGISFormat><ArcGISstyle>GISCO Metadata Editor 2012</ArcGISstyle><DataProperties><itemProps><itemLocation><linkage Sync="TRUE">file://\\L02DI1308623\C$\Temp\2015-MAY-NUTS_2010_Scottish_islands_update\NUTS_2010_60M_SH\Data\NUTS_RG_BN_60M_2010.dbf</linkage><protocol Sync="TRUE">Local Area Network</protocol></itemLocation><itemName Sync="TRUE">NUTS_RG_BN_60M_2010</itemName><imsContentType Sync="TRUE">002</imsContentType><itemSize Sync="TRUE">0.000</itemSize></itemProps><lineage><Process Name="Delete Rows" ToolSource="C:\Program Files (x86)\ArcGIS\Desktop10.0\ArcToolbox\Toolboxes\Data Management Tools.tbx\DeleteRows" Date="20121129" Time="101856">DeleteRows Z:\webapp\mapservices\Maps\connection-files\PROD\PROD-DIRECT-GISCO_11g.sde\GISCO.NUTS_RG_BN_60M_2010</Process><Process Name="Delete Rows" ToolSource="C:\Program Files (x86)\ArcGIS\Desktop10.0\ArcToolbox\Toolboxes\Data Management Tools.tbx\DeleteRows" Date="20121129" Time="103125">DeleteRows Z:\webapp\mapservices\Maps\connection-files\PROD\PROD-DIRECT-GISCO_11g.sde\GISCO.NUTS_RG_BN_60M_2010</Process><Process Name="Append" ToolSource="C:\Program Files (x86)\ArcGIS\Desktop10.0\ArcToolbox\Toolboxes\Data Management Tools.tbx\Append" Date="20121129" Time="104127">Append 'J:\users\diegoce\Specific convention\Specific convention 08\02 AB generalisatons\Final delivery v1.3\SC3_A2_GENERALISATION(12_09_2012).gdb\NUTS_RG_BN_60M_2010' Z:\webapp\mapservices\Maps\connection-files\PROD\PROD-DIRECT-GISCO_11g.sde\GISCO.NUTS_RG_BN_60M_2010 TEST # #</Process><Process Name="Delete Rows" ToolSource="C:\Program Files (x86)\ArcGIS\Desktop10.0\ArcToolbox\Toolboxes\Data Management Tools.tbx\DeleteRows" Date="20130220" Time="100925">DeleteRows Z:\webapp\mapservices\Maps\connection-files\PROD\PROD-DIRECT-GISCO_11g.sde\GISCO.NUTS_RG_BN_60M_2010</Process><Process Name="Append" ToolSource="C:\Program Files (x86)\ArcGIS\Desktop10.0\ArcToolbox\Toolboxes\Data Management Tools.tbx\Append" Date="20130220" Time="100931">Append J:\develop\Database-Updates\NUTS_Croatia.gdb\NUTS_RG_BN_60M_2010 Z:\webapp\mapservices\Maps\connection-files\PROD\PROD-DIRECT-GISCO_11g.sde\GISCO.NUTS_RG_BN_60M_2010 TEST # #</Process><Process ToolSource="C:\Program Files (x86)\ArcGIS\Desktop10.0\ArcToolbox\Toolboxes\Data Management Tools.tbx\ChangePrivileges" Date="20130409" Time="104035">ChangePrivileges Z:\webapp\mapservices\Maps\connection-files\PROD\PROD-DIRECT-GISCO_11g.sde\GISCO.NUTS_RG_BN_01M_2010;Z:\webapp\mapservices\Maps\connection-files\PROD\PROD-DIRECT-GISCO_11g.sde\GISCO.NUTS_RG_BN_03M_2010;Z:\webapp\mapservices\Maps\connection-files\PROD\PROD-DIRECT-GISCO_11g.sde\GISCO.NUTS_RG_BN_100K_2010;Z:\webapp\mapservices\Maps\connection-files\PROD\PROD-DIRECT-GISCO_11g.sde\GISCO.NUTS_RG_BN_10M_2010;Z:\webapp\mapservices\Maps\connection-files\PROD\PROD-DIRECT-GISCO_11g.sde\GISCO.NUTS_RG_BN_20M_2010;Z:\webapp\mapservices\Maps\connection-files\PROD\PROD-DIRECT-GISCO_11g.sde\GISCO.NUTS_RG_BN_60M_2010 GISCOVIEW GRANT AS_IS</Process><Process Name="Delete Rows" ToolSource="C:\Program Files (x86)\ArcGIS\Desktop10.0\ArcToolbox\Toolboxes\Data Management Tools.tbx\DeleteRows" Date="20140106" Time="151706">DeleteRows Z:\webapp\mapservices\Maps\connection-files\PROD\PROD-DIRECT-GISCO_11g.sde\GISCO.NUTS_RG_BN_60M_2010</Process><Process Name="Append" ToolSource="C:\Program Files (x86)\ArcGIS\Desktop10.0\ArcToolbox\Toolboxes\Data Management Tools.tbx\Append" Date="20140106" Time="151713">Append V:\QA\Edits\Final\Final.gdb\NUTS_RG_BN_60M_2010 Z:\webapp\mapservices\Maps\connection-files\PROD\PROD-DIRECT-GISCO_11g.sde\GISCO.NUTS_RG_BN_60M_2010 TEST # #</Process><Process Name="Delete Rows" ToolSource="c:\program files (x86)\arcgis\desktop10.1\ArcToolbox\Toolboxes\Data Management Tools.tbx\DeleteRows" Date="20140114" Time="145139">DeleteRows Z:\webapp\mapservices\Maps\connection-files\PROD\PROD-DIRECT-GISCO_11g.sde\GISCO.NUTS_RG_BN_60M_2010</Process><Process Name="Append" ToolSource="c:\program files (x86)\arcgis\desktop10.1\ArcToolbox\Toolboxes\Data Management Tools.tbx\Append" Date="20140114" Time="145148">Append J:\develop\Database-Updates\Jan_14\Final.gdb\NUTS_RG_BN_60M_2010 Z:\webapp\mapservices\Maps\connection-files\PROD\PROD-DIRECT-GISCO_11g.sde\GISCO.NUTS_RG_BN_60M_2010 TEST # #</Process><Process ToolSource="c:\program files (x86)\arcgis\desktop10.1\ArcToolbox\Toolboxes\Data Management Tools.tbx\ChangePrivileges" Date="20141202" Time="113027">ChangePrivileges \\s-tpol\connection-files\PROD\PROD-SDE-GISCO.sde\NUTS_RG_BN_60M_2010 giscoread GRANT AS_IS</Process><Process ToolSource="c:\program files (x86)\arcgis\desktop10.1\ArcToolbox\Toolboxes\Data Management Tools.tbx\CopyRows" Date="20150424" Time="131705">CopyRows \\s-tpol\connection-files\PROD\PROD-DIRECT-GISCOVIEW-ARCESTP-11g.sde\GISCO.NUTS_RG_BN_60M_2010 J:\develop\Database-Updates\2015\NUTS_2010\NUTS_2010.gdb\NUTS_RG_BN_60M_2010 #</Process><Process ToolSource="C:\Program Files (x86)\ArcGIS\Desktop10.0\ArcToolbox\Toolboxes\Conversion Tools.tbx\TableToTable" Date="20150530" Time="144058">TableToTable C:\Temp\2015-MAY-NUTS_2010_Scottish_islands_update\NUTS_2010.gdb\NUTS_RG_BN_60M_2010 C:\Temp\2015-MAY-NUTS_2010_Scottish_islands_update\NUTS_2010_60M_SH\Data NUTS_RG_BN_60M_2010.dbf # "NUTS_BN_CO "NUTS_BN_CODE" true true false 8 Double 0 0 ,First,#,C:\Temp\2015-MAY-NUTS_2010_Scottish_islands_update\NUTS_2010.gdb\NUTS_RG_BN_60M_2010,NUTS_BN_CODE,-1,-1;NUTS_CODE "NUTS_CODE" true true false 5 Text 0 0 ,First,#,C:\Temp\2015-MAY-NUTS_2010_Scottish_islands_update\NUTS_2010.gdb\NUTS_RG_BN_60M_2010,NUTS_CODE,-1,-1" #</Process></lineage></DataProperties></Esri><dataqual><lineage><procstep><procdesc Sync="TRUE">Metadata imported.</procdesc><srcused Sync="TRUE">J:\develop\metadata\GISCO.NUTS_RG_BN_60M_2006.xml</srcused><date Sync="TRUE">20081205</date><time Sync="TRUE">12101900</time></procstep><procstep><procdesc Sync="TRUE">Dataset copied.</procdesc><srcused Sync="TRUE">Server=anteater.cc.cec.eu.int; Service=port:5154; User=gisco; Version=SDE.DEFAULT</srcused><procdate Sync="TRUE">20090217</procdate><proctime Sync="TRUE">09242500</proctime></procstep><procstep><procdesc Sync="TRUE">Dataset copied.</procdesc><srcused Sync="TRUE">\\D02DI0616275\E\WorkSpace\GISCODBBackups\20090216_FULL_DEV_BeforeReinstall_RasterIncluded\20090216_DEV.gdb</srcused><procdate Sync="TRUE">20090220</procdate><proctime Sync="TRUE">17244000</proctime></procstep><procstep><procdesc Sync="TRUE">Metadata imported.</procdesc><srcused Sync="TRUE">J:\develop\metadata\20091125-DEV-Contract5\GISCO.NUTS_RG_BN_60M_2006.xml</srcused><procdate Sync="TRUE">20091126</procdate><proctime Sync="TRUE">10310600</proctime></procstep><procstep><procdesc Sync="TRUE">Dataset copied.</procdesc><srcused Sync="TRUE">Service=sde:oracle10g; User=gisco; Version=SDE.DEFAULT</srcused><procdate Sync="TRUE">20100210</procdate><proctime Sync="TRUE">09162900</proctime></procstep><procstep><procdesc Sync="TRUE">Metadata imported.</procdesc><srcused Sync="TRUE">C:\Condivisa\work\EUROSTAT\work\SC3\ACT_2\docs\TASKDESCRIPTION\metadati\final\NUTS_RG_BN_60M_2006.xml</srcused><procdate Sync="TRUE">20111206</procdate><proctime Sync="TRUE">09234400</proctime></procstep><procstep><procdesc Sync="TRUE">Metadata imported.</procdesc><srcused Sync="TRUE">C:\Condivisa\work\EUROSTAT\work\SC3\ACT_2\docs\TASKDESCRIPTION\metadati\final\New\NUTS_RG_BN_60M_2010.xml</srcused><procdate Sync="TRUE">20111213</procdate><proctime Sync="TRUE">11465000</proctime></procstep><procstep><procdesc Sync="TRUE">Metadata imported.</procdesc><srcused Sync="TRUE">C:\Condivisa\work\EUROSTAT\work\SC3\ACT_2\docs\TASKDESCRIPTION\metadati\final\New\NUTS_RG_BN_60M_2010.xml</srcused><procdate Sync="TRUE">20111213</procdate><proctime Sync="TRUE">11504600</proctime></procstep><procstep><procdesc Sync="TRUE">Metadata imported.</procdesc><srcused Sync="TRUE">C:\Condivisa\work\EUROSTAT\work\SC3\ACT_2\docs\TASKDESCRIPTION\metadati\final\New\NUTS_RG_BN_60M_2010.xml</srcused><procdate Sync="TRUE">20111213</procdate><proctime Sync="TRUE">12451700</proctime></procstep></lineage></dataqual><idinfo><citation><citeinfo><onlink Sync="TRUE">\\ABACOPORT-PC\C\Condivisa\work\EUROSTAT\work\SC3\ACT_2\work\SC3_A2_GENERALISATION.gdb</onlink><origin>REQUIRED: The name of an organization or individual that developed the data set.</origin><pubdate>REQUIRED: The date when the data set is published or otherwise made available for release.</pubdate><title Sync="TRUE">NUTS_RG_BN_60M_2010</title><ftname Sync="TRUE">NUTS_RG_BN_60M_2010</ftname><geoform Sync="TRUE">tabular digital data</geoform></citeinfo></citation><native Sync="TRUE">Microsoft Windows Vista Version 6.1 (Build 7601) Service Pack 1; ESRI ArcCatalog 9.3.1.4000</native><descript><langdata Sync="TRUE">en</langdata><abstract>REQUIRED: A brief narrative summary of the data set.</abstract><purpose>REQUIRED: A summary of the intentions with which the data set was developed.</purpose></descript><timeperd><current>REQUIRED: The basis on which the time period of content information is determined.</current><timeinfo><sngdate><caldate>REQUIRED: The year (and optionally month, or month and day) for which the data set corresponds to the ground.</caldate></sngdate></timeinfo></timeperd><status><progress>REQUIRED: The state of the data set.</progress><update>REQUIRED: The frequency with which changes and additions are made to the data set after the initial data set is completed.</update></status><spdom><bounding><westbc Sync="TRUE">REQUIRED: Western-most coordinate of the limit of coverage expressed in longitude.</westbc><eastbc Sync="TRUE">REQUIRED: Eastern-most coordinate of the limit of coverage expressed in longitude.</eastbc><northbc Sync="TRUE">REQUIRED: Northern-most coordinate of the limit of coverage expressed in latitude.</northbc><southbc Sync="TRUE">REQUIRED: Southern-most coordinate of the limit of coverage expressed in latitude.</southbc></bounding></spdom><keywords><theme><themekt>REQUIRED: Reference to a formally registered thesaurus or a similar authoritative source of theme keywords.</themekt><themekey>REQUIRED: Common-use word or phrase used to describe the subject of the data set.</themekey></theme></keywords><accconst>REQUIRED: Restrictions and legal prerequisites for accessing the data set.</accconst><useconst>REQUIRED: Restrictions and legal prerequisites for using the data set after access is granted.</useconst><natvform Sync="TRUE">File Geodatabase Table</natvform></idinfo><metainfo><langmeta Sync="TRUE">en</langmeta><metstdn Sync="TRUE">FGDC Content Standards for Digital Geospatial Metadata</metstdn><metstdv Sync="TRUE">FGDC-STD-001-1998</metstdv><mettc Sync="TRUE">local time</mettc><metc><cntinfo><cntorgp><cntper>REQUIRED: The person responsible for the metadata information.</cntper><cntorg>REQUIRED: The organization responsible for the metadata information.</cntorg></cntorgp><cntaddr><addrtype>REQUIRED: The mailing and/or physical address for the organization or individual.</addrtype><city>REQUIRED: The city of the address.</city><state>REQUIRED: The state or province of the address.</state><postal>REQUIRED: The ZIP or other postal code of the address.</postal></cntaddr><cntvoice>REQUIRED: The telephone number by which individuals can speak to the organization or individual.</cntvoice></cntinfo></metc><metd Sync="TRUE">20111214</metd></metainfo><distinfo><resdesc Sync="TRUE">Downloadable Data</resdesc></distinfo><mdStanName Sync="TRUE">ISO 19115 Geographic Information - Metadata</mdStanName><mdStanVer Sync="TRUE">DIS_ESRI1.0</mdStanVer><mdHrLv><ScopeCd Sync="TRUE" value="007"></ScopeCd></mdHrLv><mdHrLvName Sync="TRUE">dataset</mdHrLvName><mdResourceType></mdResourceType><mdURI></mdURI><editorCustomization version="v1.1.4"></editorCustomization></metadata>
