﻿<gmd:MD_Metadata xmlns:gmd="http://www.isotc211.org/2005/gmd" xmlns:gco="http://www.isotc211.org/2005/gco" xmlns:gts="http://www.isotc211.org/2005/gts" xmlns:srv="http://www.isotc211.org/2005/srv" xmlns:gml="http://www.opengis.net/gml" xmlns:xlink="http://www.w3.org/1999/xlink" xmlns:xsi="http://www.w3.org/2001/XMLSchema-instance">
  <gmd:fileIdentifier>
    <gco:CharacterString>{E6E53BDA-4B88-48FA-AE2B-518E930143BD}</gco:CharacterString>
  </gmd:fileIdentifier>
  <gmd:language>
    <gmd:LanguageCode codeList="http://www.loc.gov/standards/iso639-2/php/code_list.php" codeListValue="eng" codeSpace="ISO639-2">eng</gmd:LanguageCode>
  </gmd:language>
  <gmd:characterSet>
    <gmd:MD_CharacterSetCode codeList="http://www.isotc211.org/2005/resources/Codelist/gmxCodelists.xml#MD_CharacterSetCode" codeListValue="utf8" codeSpace="ISOTC211/19115">utf8</gmd:MD_CharacterSetCode>
  </gmd:characterSet>
  <gmd:hierarchyLevel>
    <gmd:MD_ScopeCode codeList="http://standards.iso.org/ittf/PubliclyAvailableStandards/ISO_19139_Schemas/resources/Codelist/ML_gmxCodelists.xml#MD_ScopeCode" codeListValue="nonGeographicDataset" codeSpace="ISOTC211/19115">nonGeographicDataset</gmd:MD_ScopeCode>
  </gmd:hierarchyLevel>
  <gmd:hierarchyLevelName>
    <gco:CharacterString>dataset</gco:CharacterString>
  </gmd:hierarchyLevelName>
  <gmd:contact gco:nilReason="missing" />
  <gmd:dateStamp>
    <gco:Date>2014-10-14</gco:Date>
  </gmd:dateStamp>
  <gmd:metadataStandardName>
    <gco:CharacterString>INSPIRE Metadata Implementing Rules: Technical Guidelines based on EN ISO 19115 and EN ISO 19119</gco:CharacterString>
  </gmd:metadataStandardName>
  <gmd:metadataStandardVersion>
    <gco:CharacterString>V. 1.2</gco:CharacterString>
  </gmd:metadataStandardVersion>
  <gmd:dataSetURI>
    <gco:CharacterString>Server=anteater.cc.cec.eu.int; Service=port:5154; User=giscoread; Version=SDE.DEFAULT</gco:CharacterString>
  </gmd:dataSetURI>
  <gmd:referenceSystemInfo>
    <gmd:MD_ReferenceSystem>
      <gmd:referenceSystemIdentifier>
        <gmd:RS_Identifier>
          <gmd:code>
            <gco:CharacterString>ETRS89</gco:CharacterString>
          </gmd:code>
        </gmd:RS_Identifier>
      </gmd:referenceSystemIdentifier>
    </gmd:MD_ReferenceSystem>
  </gmd:referenceSystemInfo>
  <gmd:identificationInfo>
    <gmd:MD_DataIdentification>
      <gmd:citation>
        <gmd:CI_Citation>
          <gmd:title>
            <gco:CharacterString>NUTS attribute table 2010</gco:CharacterString>
          </gmd:title>
          <gmd:alternateTitle>
            <gco:CharacterString>GISCO.NUTS_AT_2010</gco:CharacterString>
          </gmd:alternateTitle>
          <gmd:date gco:nilReason="missing" />
          <gmd:edition>
            <gco:CharacterString>2010</gco:CharacterString>
          </gmd:edition>
          <gmd:editionDate>
            <gco:Date>2011-07-07</gco:Date>
          </gmd:editionDate>
          <gmd:citedResponsibleParty>
            <gmd:CI_ResponsibleParty>
              <gmd:organisationName>
                <gco:CharacterString>Eurostat GISCO - European Commission</gco:CharacterString>
              </gmd:organisationName>
              <gmd:contactInfo>
                <gmd:CI_Contact>
                  <gmd:phone>
                    <gmd:CI_Telephone>
                      <gmd:voice>
                        <gco:CharacterString>+352 4301 32076</gco:CharacterString>
                      </gmd:voice>
                      <gmd:facsimile>
                        <gco:CharacterString>+352 4301 32029</gco:CharacterString>
                      </gmd:facsimile>
                    </gmd:CI_Telephone>
                  </gmd:phone>
                  <gmd:address>
                    <gmd:CI_Address>
                      <gmd:deliveryPoint>
                        <gco:CharacterString>5, rue Alphonse Weicker</gco:CharacterString>
                      </gmd:deliveryPoint>
                      <gmd:city>
                        <gco:CharacterString>Luxembourg</gco:CharacterString>
                      </gmd:city>
                      <gmd:administrativeArea>
                        <gco:CharacterString>Luxembourg</gco:CharacterString>
                      </gmd:administrativeArea>
                      <gmd:postalCode>
                        <gco:CharacterString>2920</gco:CharacterString>
                      </gmd:postalCode>
                      <gmd:country>
                        <gmd:Country codeList="http://www.iso.org/iso/country_codes/iso_3166_code_lists.htm" codeListValue="LU" codeSpace="ISO3166-1">LU</gmd:Country>
                      </gmd:country>
                      <gmd:electronicMailAddress>
                        <gco:CharacterString>estat-gisco@ec.europa.eu</gco:CharacterString>
                      </gmd:electronicMailAddress>
                    </gmd:CI_Address>
                  </gmd:address>
                </gmd:CI_Contact>
              </gmd:contactInfo>
              <gmd:role>
                <gmd:CI_RoleCode codeList="http://www.isotc211.org/2005/resources/Codelist/gmxCodelists.xml#CI_RoleCode" codeListValue="pointOfContact" codeSpace="ISOTC211/19115">pointOfContact</gmd:CI_RoleCode>
              </gmd:role>
            </gmd:CI_ResponsibleParty>
          </gmd:citedResponsibleParty>
          <gmd:citedResponsibleParty>
            <gmd:CI_ResponsibleParty>
              <gmd:organisationName>
                <gco:CharacterString>Abaco Spa</gco:CharacterString>
              </gmd:organisationName>
              <gmd:contactInfo>
                <gmd:CI_Contact>
                  <gmd:phone>
                    <gmd:CI_Telephone>
                      <gmd:voice>
                        <gco:CharacterString>+39 0376 222 181</gco:CharacterString>
                      </gmd:voice>
                      <gmd:facsimile>
                        <gco:CharacterString>+39 0376 222 182</gco:CharacterString>
                      </gmd:facsimile>
                    </gmd:CI_Telephone>
                  </gmd:phone>
                  <gmd:address>
                    <gmd:CI_Address>
                      <gmd:deliveryPoint>
                        <gco:CharacterString>Corso Umberto I, 43</gco:CharacterString>
                      </gmd:deliveryPoint>
                      <gmd:city>
                        <gco:CharacterString>Mantova</gco:CharacterString>
                      </gmd:city>
                      <gmd:postalCode>
                        <gco:CharacterString>46100</gco:CharacterString>
                      </gmd:postalCode>
                      <gmd:country>
                        <gmd:Country codeList="http://www.iso.org/iso/country_codes/iso_3166_code_lists.htm" codeListValue="IT" codeSpace="ISO3166-1">IT</gmd:Country>
                      </gmd:country>
                      <gmd:electronicMailAddress>
                        <gco:CharacterString>info@abacogroup.eu</gco:CharacterString>
                      </gmd:electronicMailAddress>
                    </gmd:CI_Address>
                  </gmd:address>
                </gmd:CI_Contact>
              </gmd:contactInfo>
              <gmd:role>
                <gmd:CI_RoleCode codeList="http://www.isotc211.org/2005/resources/Codelist/gmxCodelists.xml#CI_RoleCode" codeListValue="processor" codeSpace="ISOTC211/19115">processor</gmd:CI_RoleCode>
              </gmd:role>
            </gmd:CI_ResponsibleParty>
          </gmd:citedResponsibleParty>
          <gmd:presentationForm>
            <gmd:CI_PresentationFormCode codeList="http://www.isotc211.org/2005/resources/Codelist/gmxCodelists.xml#CI_PresentationFormCode" codeListValue="tableDigital" codeSpace="ISOTC211/19115">tableDigital</gmd:CI_PresentationFormCode>
          </gmd:presentationForm>
        </gmd:CI_Citation>
      </gmd:citation>
      <gmd:abstract>
        <gco:CharacterString>Attribute table for the region feature class of the GISCO NUTS 2010 dataset containing the names of the NUTS regions for the NUTS levels 0 to 3.
The 'GISCO NUTS 2010' dataset represents the NUTS regions by means of region, arc and point topology. The NUTS geographical information is completed by attribute tables and a set of cartographic help lines to better visualise multipart polygonal regions.

The NUTS nomenclature is a hierarchical classification of statistical regions defined by Eurostat. The NUTS classification subdivides the EU economic territory into 3 statistical levels.
The Regulation (EC) No 1059/2003 of the European Parliament and of the Council on the establishment of a common classification of territorial units for statistics (NUTS) was enforced the 11 July 2003. This regulation provided the NUTS classification with a legal background.
Since then, 12 new countries joined the European Union. The NUTS regulation was officially enforced in these 12 countries the day of their accession to the EU.
A non official NUTS-like classification has been defined for the EFTA countries, Croatia and Turkey. 
For further information about the NUTS classification please check the RAMON Eurostat site at http://ec.europa.eu/comm/eurostat/ramon/nuts/home_regions_en.html
At present, six scale ranges (100K, 1M, 3M, 10M and 20M, 60M) are maintained in the GISCO geodatabase. The polygon and boundary classes delineate the regions while the points provide a label for each region. Associated tables contain basic information such as the region's name.</gco:CharacterString>
      </gmd:abstract>
      <gmd:purpose>
        <gco:CharacterString>Data on administrative boundaries represent a fundamental element of almost any GIS. In the context of the GISCO information system, the NUTS boundaries data are a vital part of the geographic framework, providing means for registering data to regional territories. Equally, national and regional boundaries are essential components of the cartographic backdrop giving a recognisable geographic context to cartographic outputs.</gco:CharacterString>
      </gmd:purpose>
      <gmd:pointOfContact>
        <gmd:CI_ResponsibleParty>
          <gmd:organisationName>
            <gco:CharacterString>Eurostat GISCO - European Commission</gco:CharacterString>
          </gmd:organisationName>
          <gmd:contactInfo>
            <gmd:CI_Contact>
              <gmd:phone>
                <gmd:CI_Telephone>
                  <gmd:voice>
                    <gco:CharacterString>+352 4301 32076</gco:CharacterString>
                  </gmd:voice>
                  <gmd:facsimile>
                    <gco:CharacterString>+352 4301 32029</gco:CharacterString>
                  </gmd:facsimile>
                </gmd:CI_Telephone>
              </gmd:phone>
              <gmd:address>
                <gmd:CI_Address>
                  <gmd:deliveryPoint>
                    <gco:CharacterString>5, rue Alphonse Weicker</gco:CharacterString>
                  </gmd:deliveryPoint>
                  <gmd:city>
                    <gco:CharacterString>Luxembourg</gco:CharacterString>
                  </gmd:city>
                  <gmd:administrativeArea>
                    <gco:CharacterString>Luxembourg</gco:CharacterString>
                  </gmd:administrativeArea>
                  <gmd:postalCode>
                    <gco:CharacterString>2920</gco:CharacterString>
                  </gmd:postalCode>
                  <gmd:country>
                    <gmd:Country codeList="http://www.iso.org/iso/country_codes/iso_3166_code_lists.htm" codeListValue="LU" codeSpace="ISO3166-1">LU</gmd:Country>
                  </gmd:country>
                  <gmd:electronicMailAddress>
                    <gco:CharacterString>estat-gisco@ec.europa.eu</gco:CharacterString>
                  </gmd:electronicMailAddress>
                </gmd:CI_Address>
              </gmd:address>
            </gmd:CI_Contact>
          </gmd:contactInfo>
          <gmd:role>
            <gmd:CI_RoleCode codeList="http://www.isotc211.org/2005/resources/Codelist/gmxCodelists.xml#CI_RoleCode" codeListValue="pointOfContact" codeSpace="ISOTC211/19115">pointOfContact</gmd:CI_RoleCode>
          </gmd:role>
        </gmd:CI_ResponsibleParty>
      </gmd:pointOfContact>
      <gmd:resourceMaintenance>
        <gmd:MD_MaintenanceInformation>
          <gmd:maintenanceAndUpdateFrequency>
            <gmd:MD_MaintenanceFrequencyCode codeList="http://www.isotc211.org/2005/resources/Codelist/gmxCodelists.xml#MD_MaintenanceFrequencyCode" codeListValue="irregular" codeSpace="ISOTC211/19115">irregular</gmd:MD_MaintenanceFrequencyCode>
          </gmd:maintenanceAndUpdateFrequency>
        </gmd:MD_MaintenanceInformation>
      </gmd:resourceMaintenance>
      <gmd:resourceConstraints>
        <gmd:MD_Constraints>
          <gmd:useLimitation>
            <gco:CharacterString>The datasets have been created for cartographic purposes.</gco:CharacterString>
          </gmd:useLimitation>
        </gmd:MD_Constraints>
      </gmd:resourceConstraints>
      <gmd:resourceConstraints>
        <gmd:MD_LegalConstraints>
          <gmd:accessConstraints>
            <gmd:MD_RestrictionCode codeList="http://www.isotc211.org/2005/resources/Codelist/gmxCodelists.xml#MD_RestrictionCode" codeListValue="otherRestrictions" codeSpace="ISOTC211/19115">otherRestrictions</gmd:MD_RestrictionCode>
          </gmd:accessConstraints>
          <gmd:useConstraints>
            <gmd:MD_RestrictionCode codeList="http://www.isotc211.org/2005/resources/Codelist/gmxCodelists.xml#MD_RestrictionCode" codeListValue="otherRestrictions" codeSpace="ISOTC211/19115">otherRestrictions</gmd:MD_RestrictionCode>
          </gmd:useConstraints>
          <gmd:otherConstraints>
            <gco:CharacterString>Usage of data is public</gco:CharacterString>
          </gmd:otherConstraints>
        </gmd:MD_LegalConstraints>
      </gmd:resourceConstraints>
      <gmd:spatialRepresentationType>
        <gmd:MD_SpatialRepresentationTypeCode codeList="http://www.isotc211.org/2005/resources/Codelist/gmxCodelists.xml#MD_SpatialRepresentationTypeCode" codeListValue="textTable" codeSpace="ISOTC211/19115">textTable</gmd:MD_SpatialRepresentationTypeCode>
      </gmd:spatialRepresentationType>
      <gmd:spatialResolution>
        <gmd:MD_Resolution>
          <gmd:equivalentScale>
            <gmd:MD_RepresentativeFraction>
              <gmd:denominator>
                <gco:Integer>100000</gco:Integer>
              </gmd:denominator>
            </gmd:MD_RepresentativeFraction>
          </gmd:equivalentScale>
        </gmd:MD_Resolution>
      </gmd:spatialResolution>
      <gmd:language>
        <gco:CharacterString>multiple</gco:CharacterString>
      </gmd:language>
      <gmd:characterSet>
        <gmd:MD_CharacterSetCode codeList="http://www.isotc211.org/2005/resources/Codelist/gmxCodelists.xml#MD_CharacterSetCode" codeListValue="utf8" codeSpace="ISOTC211/19115">utf8</gmd:MD_CharacterSetCode>
      </gmd:characterSet>
      <gmd:topicCategory>
        <gmd:MD_TopicCategoryCode />
      </gmd:topicCategory>
      <gmd:environmentDescription>
        <gco:CharacterString>Microsoft Windows 7 Version 6.1 (Build 7601) Service Pack 1; ESRI ArcGIS 10.0.5.4400</gco:CharacterString>
      </gmd:environmentDescription>
      <gmd:extent>
        <gmd:EX_Extent />
      </gmd:extent>
    </gmd:MD_DataIdentification>
  </gmd:identificationInfo>
  <gmd:distributionInfo>
    <gmd:MD_Distribution>
      <gmd:distributionFormat>
        <gmd:MD_Format>
          <gmd:name>
            <gco:CharacterString>SDE Table</gco:CharacterString>
          </gmd:name>
          <gmd:version gco:nilReason="missing" />
        </gmd:MD_Format>
      </gmd:distributionFormat>
      <gmd:distributor>
        <gmd:MD_Distributor>
          <gmd:distributorContact>
            <gmd:CI_ResponsibleParty>
              <gmd:organisationName>
                <gco:CharacterString>Eurostat GISCO - European Commission</gco:CharacterString>
              </gmd:organisationName>
              <gmd:contactInfo>
                <gmd:CI_Contact>
                  <gmd:phone>
                    <gmd:CI_Telephone>
                      <gmd:voice>
                        <gco:CharacterString>+352 4301 32076</gco:CharacterString>
                      </gmd:voice>
                      <gmd:facsimile>
                        <gco:CharacterString>+352 4301 32029</gco:CharacterString>
                      </gmd:facsimile>
                    </gmd:CI_Telephone>
                  </gmd:phone>
                  <gmd:address>
                    <gmd:CI_Address>
                      <gmd:deliveryPoint>
                        <gco:CharacterString>5, rue Alphonse Weicker</gco:CharacterString>
                      </gmd:deliveryPoint>
                      <gmd:city>
                        <gco:CharacterString>Luxembourg</gco:CharacterString>
                      </gmd:city>
                      <gmd:administrativeArea>
                        <gco:CharacterString>Luxembourg</gco:CharacterString>
                      </gmd:administrativeArea>
                      <gmd:postalCode>
                        <gco:CharacterString>2920</gco:CharacterString>
                      </gmd:postalCode>
                      <gmd:country>
                        <gmd:Country codeList="http://www.iso.org/iso/country_codes/iso_3166_code_lists.htm" codeListValue="LU" codeSpace="ISO3166-1">LU</gmd:Country>
                      </gmd:country>
                      <gmd:electronicMailAddress>
                        <gco:CharacterString>estat-gisco@ec.europa.eu</gco:CharacterString>
                      </gmd:electronicMailAddress>
                    </gmd:CI_Address>
                  </gmd:address>
                </gmd:CI_Contact>
              </gmd:contactInfo>
              <gmd:role>
                <gmd:CI_RoleCode codeList="http://www.isotc211.org/2005/resources/Codelist/gmxCodelists.xml#CI_RoleCode" codeListValue="distributor" codeSpace="ISOTC211/19115">distributor</gmd:CI_RoleCode>
              </gmd:role>
            </gmd:CI_ResponsibleParty>
          </gmd:distributorContact>
          <gmd:distributionOrderProcess>
            <gmd:MD_StandardOrderProcess>
              <gmd:orderingInstructions>
                <gco:CharacterString>Address to the point of contact specified in this metadata</gco:CharacterString>
              </gmd:orderingInstructions>
            </gmd:MD_StandardOrderProcess>
          </gmd:distributionOrderProcess>
          <gmd:distributorFormat>
            <gmd:MD_Format>
              <gmd:name>
                <gco:CharacterString>File Geodatabase Table</gco:CharacterString>
              </gmd:name>
              <gmd:version>
                <gco:CharacterString>9.3.1</gco:CharacterString>
              </gmd:version>
            </gmd:MD_Format>
          </gmd:distributorFormat>
          <gmd:distributorTransferOptions>
            <gmd:MD_DigitalTransferOptions />
          </gmd:distributorTransferOptions>
        </gmd:MD_Distributor>
      </gmd:distributor>
    </gmd:MD_Distribution>
  </gmd:distributionInfo>
  <gmd:dataQualityInfo>
    <gmd:DQ_DataQuality>
      <gmd:scope>
        <gmd:DQ_Scope>
          <gmd:level gco:nilReason="missing" />
        </gmd:DQ_Scope>
      </gmd:scope>
      <gmd:lineage>
        <gmd:LI_Lineage>
          <gmd:statement>
            <gco:CharacterString>This table was processed at Eurostat and does not involve any geometry processing.</gco:CharacterString>
          </gmd:statement>
          <gmd:processStep>
            <gmd:LI_ProcessStep>
              <gmd:description gco:nilReason="missing" />
            </gmd:LI_ProcessStep>
          </gmd:processStep>
          <gmd:source>
            <gmd:LI_Source>
              <gmd:description>
                <gco:CharacterString>(i) NUTS nomenclature supplied by EUROSTAT - Regional Statistics.</gco:CharacterString>
              </gmd:description>
            </gmd:LI_Source>
          </gmd:source>
        </gmd:LI_Lineage>
      </gmd:lineage>
    </gmd:DQ_DataQuality>
  </gmd:dataQualityInfo>
</gmd:MD_Metadata>